Word,Count
place,2401
coffee,2263
good,893
food,649
nan,645
nice,615
delicious,594
comfortable,579
cafe,508
cozy,476
menu,440
great,427
taste,427
affordable,393
friendly,386
price,386
drinks,376
cheap,345
prices,345
really,338
wifi,312
service,304
malang,293
drink,292
recommended,274
shop,213
hangout,179
suitable,168
tea,163
cool,161
like,160
best,154
rice,154
parking,146
location,143
atmosphere,137
hang,137
milk,136
stmj,128
free,125
try,121
friends,121
ok,110
snacks,110
ice,109
clean,105
area,104
chicken,102
menus,102
enjoy,101
noodles,101
coffe,100
ambience,97
relaxing,95
spacious,94
tastes,92
fresh,88
fun,84
music,84
quite,83
just,79
eat,79
chocolate,79
crowded,79
city,78
iced,76
beverages,75
visit,75
order,72
buy,71
fast,70
indonesian,70
restaurant,68
indoor,68
recommend,67
make,67
cafes,65
fried,65
perfect,64
bad,64
hanging,63
available,62
dont,61
road,61
love,60
located,59
view,59
near,58
want,58
places,57
relax,57
people,56
especially,56
barista,55
foods,55
quality,54
unique,54
simple,54
worth,53
students,53
tasty,52
quiet,52
latte,52
work,51
joss,49
lots,49
home,49
different,49
right,49
traditional,49
time,49
open,48
coffees,47
various,47
night,47
ordered,46
variants,46
special,46
drinking,46
kopi,45
pretty,45
expensive,45
come,44
toast,43
cheese,42
okay,42
hot,42
outdoor,41
owner,41
snack,41
spicy,41
favorite,40
baristas,40
live,40
beautiful,39
strategic,39
varied,39
small,39
town,38
ginger,38
new,38
variety,38
easy,38
juice,38
beverage,37
sauce,37
boba,37
house,37
room,37
awesome,37
choices,36
brew,36
chat,36
facilities,36
warkop,36
family,35
coffeeshop,35
noncoffee,35
theres,35
javanese,35
standard,35
serving,34
street,34
makes,34
staff,34
customers,34
local,33
gathering,33
sweet,33
excellent,33
chill,32
isnt,32
prayer,32
satay,32
student,32
doesnt,31
waiters,31
meatballs,31
definitely,31
noodle,31
cup,30
fruit,30
cold,30
served,30
better,30
closed,30
jalan,30
provides,30
vibes,30
hospitality,29
boarding,29
tofu,29
banana,29
feels,29
lot,29
floor,29
choco,28
matcha,28
steady,28
play,28
rooftop,28
angkringan,28
healthy,28
reasonable,28
decent,28
beans,28
geprek,27
nongki,27
yes,27
eggs,27
pocket,27
meeting,27
cappuccino,27
spot,27
espresso,26
selling,26
stall,26
vibe,25
tried,25
feel,25
amazing,25
original,25
green,25
stop,25
grilled,25
morning,25
seller,25
table,25
looking,25
sell,25
recommendation,24
gofood,24
sip,24
children,24
flavors,24
dishes,24
comfort,24
spices,24
culinary,24
relaxed,24
black,24
toppings,24
bread,24
kinds,24
customer,24
caffe,24
yummy,23
shops,23
pocketfriendly,23
burger,23
safe,23
toilets,23
complete,23
chatting,23
bro,23
guys,23
highly,23
egg,23
pecel,23
bananas,23
campus,23
seats,23
indonesia,23
need,23
experience,22
thai,22
sambal,22
business,22
know,22
sugar,22
jogja,22
smooth,22
sawojajar,22
young,22
employees,22
concept,22
recomended,21
comfy,21
cream,21
toilet,21
avocado,21
village,21
mosque,21
karaoke,21
typical,21
arabica,21
noisy,21
types,20
robusta,20
mas,20
dessert,20
super,20
natural,20
pockets,20
waiting,20
roadside,20
strong,20
terrace,20
close,20
serve,20
bit,20
interior,20
cake,19
soft,19
garden,19
interesting,19
online,19
real,19
hotel,19
thank,19
inside,19
cashier,19
design,19
durian,19
calm,18
meetings,18
meet,18
guaranteed,18
long,18
satisfying,18
lunch,18
caramel,18
meals,18
mayan,18
spend,18
space,18
variant,17
crispy,17
brewed,17
starbucks,17
according,17
stalls,17
opinion,17
smoking,17
motorbike,17
use,17
bring,17
strawberry,17
think,17
water,17
origin,17
tasted,17
promo,16
salad,16
day,16
warung,16
low,16
lovers,16
friend,16
services,16
sing,16
hours,16
plus,16
dish,16
grab,16
visitors,16
caf,16
visiting,16
normal,16
brewing,15
choice,15
cooking,15
coconut,15
topping,15
java,15
bathroom,15
thats,15
kind,15
pizza,15
eating,15
afternoon,15
waiter,15
soup,15
overall,15
park,15
portions,15
corn,15
aesthetic,15
outside,15
laptop,15
pujon,14
compared,14
convenient,14
luck,14
success,14
hope,14
pol,14
pool,14
break,14
hehe,14
large,14
sitting,14
shame,14
fries,14
sticky,14
enjoying,14
car,14
community,14
used,14
indomie,14
access,14
east,14
outlet,14
looks,14
dining,14
speed,14
rooms,13
authentic,13
hospital,13
old,13
blend,13
recommendations,13
mall,13
mango,13
jelly,13
relatively,13
contemporary,13
gatherings,13
market,13
cute,13
warm,13
building,13
main,13
busy,13
turen,13
honey,13
store,13
talk,13
instagramable,13
beef,12
burgers,12
immediately,12
using,12
slow,12
chairs,12
hazelnut,12
weather,12
refreshing,12
scenery,12
products,12
casual,12
fish,12
subscription,12
wow,12
options,12
sellers,12
vegetables,12
grass,12
environment,12
mixed,12
wedang,12
nasi,12
jakarta,12
seating,12
cakes,12
needs,12
subscribe,12
average,12
provided,12
soto,12
big,11
dumplings,11
style,11
lets,11
ordinary,11
assignments,11
handsome,11
fav,11
poor,11
games,11
classic,11
breakfast,11
ojol,11
station,11
kane,11
look,11
gas,11
creamy,11
cleanliness,11
lesehan,11
satisfied,11
murmer,11
hangouts,11
vintage,11
donuts,11
choose,11
packaging,11
wait,11
portion,11
study,11
resto,11
vape,11
train,11
review,11
begawan,11
far,11
improved,11
red,11
ask,11
seat,11
im,11
soekarno,11
improve,11
meal,10
japanese,10
actually,10
lovely,10
greentea,10
minimalist,10
processed,10
homey,10
singosari,10
offered,10
unfortunately,10
connoisseurs,10
seasoning,10
cat,10
thirst,10
hidden,10
said,10
gojek,10
oh,10
lawang,10
ingredients,10
high,10
sit,10
usually,10
powder,10
college,10
josss,10
evening,10
ready,10
decor,10
playing,10
game,10
halal,10
juices,10
internet,10
add,10
little,10
selection,10
floors,10
second,10
rest,10
americano,10
weekend,10
serves,10
kids,9
cheaper,9
visited,9
fivestar,9
nya,9
regular,9
seblak,9
working,9
kedai,9
having,9
crunchy,9
modern,9
lively,9
24,9
views,9
boss,9
sells,9
suggestion,9
buying,9
throat,9
wes,9
santuy,9
making,9
solid,9
tree,9
corner,9
kongkow,9
herbs,9
fine,9
say,9
level,9
sis,9
gg,9
herbal,9
nobar,9
inferior,9
hard,9
bar,9
sudimoro,9
crazy,9
idr,9
money,9
single,9
books,9
rujak,9
mother,9
whats,9
vietnam,9
takeaway,9
kayutangan,9
hour,9
cireng,9
application,9
google,9
orders,9
bali,8
honest,8
xixixi,8
shopeepay,8
flavor,8
bag,8
brand,8
arjosari,8
uses,8
orange,8
serene,8
suhat,8
thousand,8
fields,8
doing,8
fair,8
pleasant,8
spiciness,8
hopefully,8
addicting,8
discounts,8
middle,8
waffles,8
costs,8
populist,8
bgt,8
light,8
center,8
bitter,8
jos,8
passing,8
charcoal,8
maybe,8
hygienic,8
continue,8
raining,8
sippp,8
alhamdulillah,8
drivers,8
cook,8
shopping,8
diverse,8
polite,8
bean,8
2nd,8
opening,8
years,8
duck,8
porridge,8
gather,8
gaming,8
trains,8
signature,8
15k,8
means,8
martabak,8
helpful,8
highway,8
visible,8
studio,8
peanut,8
hehehe,8
usual,8
chinese,8
chair,8
bakery,8
brawijaya,7
touch,7
popular,7
recomend,7
nakoa,7
cuisine,7
boiled,7
neat,7
meat,7
lekker,7
raya,7
plants,7
poll,7
likes,7
addicted,7
budget,7
presentation,7
grabfood,7
bounces,7
ive,7
indomaret,7
stars,7
accompany,7
gem,7
man,7
successful,7
starting,7
bloated,7
story,7
trees,7
tobacco,7
kopdar,7
seafood,7
pudding,7
addictive,7
going,7
roasting,7
steak,7
pond,7
lacking,7
jl,7
land,7
ones,7
housing,7
reliable,7
number,7
warmindo,7
uno,7
legendary,7
ages,7
kawi,7
events,7
door,7
miss,7
spring,7
lalapan,7
mandatory,7
wenak,7
variations,7
cigarettes,7
10,7
famous,7
office,7
concoction,7
youre,7
sure,7
stomach,7
taking,7
pay,7
smoke,7
branch,7
ayam,7
start,7
watch,7
river,7
art,7
soon,7
court,7
eatery,7
bought,7
cafestyle,7
sofa,7
group,7
havent,7
susu,7
heart,7
jumbo,7
sipp,7
trip,7
humble,7
mainstay,7
opened,7
instant,7
tables,7
provide,7
came,7
employee,7
hatta,7
shisha,7
bubbles,7
public,7
gelato,7
collect,7
sawah,6
aceh,6
request,6
tropical,6
caffeine,6
hair,6
grill,6
3000,6
dampit,6
bathrooms,6
cheapest,6
share,6
life,6
change,6
recommends,6
tasting,6
cash,6
glass,6
cookies,6
basecamp,6
discussion,6
eaten,6
driver,6
greetings,6
facility,6
soda,6
adequate,6
plugs,6
economical,6
festive,6
savory,6
away,6
rains,6
reach,6
washing,6
transit,6
pancong,6
5k,6
library,6
bowl,6
wasnt,6
snacking,6
motorcycle,6
rain,6
6k,6
wallet,6
kopine,6
fits,6
dawn,6
aroma,6
aeropress,6
dine,6
difficult,6
tumpang,6
mak,6
wide,6
heritage,6
sweetness,6
sensation,6
inexpensive,6
stay,6
arent,6
western,6
lose,6
air,6
loss,6
university,6
god,6
pure,6
810,6
mantap,6
wallets,6
cats,6
suits,6
brantas,6
oreo,6
wrong,6
world,6
milkshake,6
match,6
sold,6
soul,6
ground,6
alley,6
school,6
prefer,6
way,6
pasta,6
vapestore,6
garlic,6
based,6
went,6
motorbikes,6
korean,6
football,6
teenagers,6
course,6
offers,6
billiards,6
range,6
jaya,6
batu,6
favourite,6
jiwa,6
nusantara,6
nicee,6
cramped,6
taro,6
intestines,6
lumayan,6
delivery,6
pricing,6
pricey,6
happy,6
legend,6
angsle,6
musholla,6
cofee,6
merjosari,6
equipped,5
restaurants,5
noise,5
combination,5
spice,5
manual,5
crowd,5
ub,5
satisfactory,5
fruits,5
star,5
fatigue,5
cooked,5
vanilla,5
skin,5
knowledge,5
turkish,5
glasses,5
banter,5
photos,5
impression,5
added,5
bus,5
surabaya,5
drank,5
date,5
fan,5
residents,5
inspiration,5
josh,5
mr,5
peach,5
palm,5
party,5
wants,5
jossss,5
welcoming,5
non,5
seeds,5
finished,5
superb,5
limited,5
partner,5
champion,5
kitchen,5
tongue,5
management,5
alternative,5
importantly,5
sausage,5
days,5
resting,5
weak,5
photo,5
hunting,5
billiard,5
choosing,5
adults,5
believe,5
blended,5
coming,5
year,5
premium,5
cak,5
relaxation,5
rolls,5
classy,5
brown,5
rawon,5
plug,5
sachet,5
pm,5
blue,5
100,5
glutinous,5
stingy,5
times,5
easily,5
private,5
salted,5
markotop,5
pempek,5
tourist,5
care,5
steamed,5
19,5
7k,5
lemon,5
absolutely,5
roasted,5
enak,5
banget,5
smell,5
lah,5
advice,5
luxurious,5
pastry,5
collection,5
sunset,5
ordering,5
chess,5
antique,5
mandala,5
buyers,5
goat,5
read,5
wedding,5
kuy,5
enjoyable,5
health,5
cheerful,5
combined,5
innovation,5
croissant,5
type,5
pak,5
overpriced,5
staffs,5
condition,5
araya,5
pentol,5
surrounding,5
providing,5
bland,5
sound,5
waitress,5
lack,5
kediri,5
gado2,5
mom,5
dogs,5
job,5
downtown,5
fancy,5
janji,5
seatings,5
chilling,5
turned,5
romantic,5
cost,5
stove,5
enjoyment,5
receipt,5
sorry,5
simply,5
bakmi,5
bartender,5
archipelago,5
contact,5
mediocre,5
siguragura,5
lpg,5
heavy,5
villa,4
chillin,4
silence,4
sunday,4
french,4
croissants,4
replace,4
ngopi,4
mantab,4
person,4
promos,4
mountain,4
jam,4
elegant,4
gaess,4
joosss,4
konco,4
taxi,4
end,4
solution,4
ppkm,4
selfies,4
nyaman,4
crowds,4
rum,4
hurt,4
distinctive,4
transportation,4
eyes,4
es,4
vendors,4
straight,4
eco,4
yakult,4
healing,4
fit,4
stone,4
mantaap,4
canned,4
mantabb,4
product,4
aunts,4
muharto,4
satays,4
mba,4
toasted,4
bridge,4
arrive,4
comfortablethe,4
point,4
sleep,4
jan,4
proven,4
youth,4
cilok,4
soooo,4
dangdut,4
petis,4
areas,4
electric,4
difference,4
mlg,4
bromo,4
fans,4
jayalah,4
priced,4
loyal,4
potato,4
process,4
chili,4
class,4
spots,4
charge,4
preservatives,4
washed,4
book,4
hotels,4
nostalgic,4
content,4
pc,4
hustle,4
intersection,4
v60,4
mini,4
nongky,4
variation,4
lazy,4
plentiful,4
attractions,4
1000,4
included,4
restroom,4
uwuh,4
bike,4
tempeh,4
tuna,4
considered,4
coffeeshops,4
sharing,4
teas,4
rail,4
vehicles,4
dutch,4
nuance,4
today,4
beer,4
coffeebased,4
reading,4
travel,4
maam,4
rokupang,4
mbois,4
recipe,4
baso,4
roast,4
balcony,4
memories,4
ntapss,4
brands,4
regency,4
ropang,4
patty,4
bone,4
almond,4
edge,4
hunger,4
oriental,4
package,4
contents,4
preparations,4
10000,4
mantapppppp,4
moment,4
starts,4
tidy,4
drip,4
worry,4
plain,4
bakar,4
card,4
20k,4
does,4
conversation,4
camp,4
base,4
destination,4
japan,4
unitri,4
uncomfortable,4
cozzy,4
ps3,4
legit,4
medicine,4
ete,4
shopeefood,4
katsu,4
wfc,4
bbq,4
winner,4
potatoes,4
left,4
nyus,4
sego,4
burnt,4
anymore,4
18k,4
future,4
passss,4
lop,4
arema,4
annual,4
meaning,4
value,4
specialty,4
btw,4
scandinavian,4
loud,4
offer,4
nearby,4
rempah,4
clear,4
member,4
reports,4
blimbing,4
cigarette,4
mushola,4
reunions,4
tavern,4
wonton,4
ronde,4
padang,4
mount,4
turns,4
macaroni,4
daily,4
sizes,4
charging,4
frozen,4
spending,4
enviroment,4
mix,4
luwe,4
ambiance,4
field,4
hygiene,4
surroundings,4
mobile,4
45,4
sore,4
haircut,4
coffeenensis,4
mie,4
sweetener,4
dude,4
takes,4
round,4
cutlery,4
registered,4
luxury,4
vehicle,4
north,4
sandwich,4
dinner,4
flavours,4
drop,4
3kg,4
mozzarella,4
runs,4
stairs,4
gocar,4
yum,4
friendliness,4
highland,3
bukit,3
tidar,3
indoors,3
speciality,3
alert,3
macchiato,3
passion,3
ovo,3
gopay,3
syrup,3
balanced,3
kuma,3
selalu,3
mt,3
seblaknya,3
coffeecreamer,3
barber,3
queuing,3
pandemic,3
tender,3
bay,3
pop,3
abundant,3
shake,3
hurry,3
fave,3
ps,3
colorful,3
smoothies,3
mantul,3
maps,3
lychee,3
wont,3
viral,3
currently,3
swimming,3
cars,3
unlike,3
stamina,3
chewy,3
follow,3
compete,3
quenching,3
bench,3
consistent,3
gundam,3
golden,3
nuggets,3
cimol,3
rosella,3
extra,3
current,3
banyan,3
spirit,3
hahaha,3
enter,3
rainbow,3
forever,3
masyaallah,3
coworkers,3
ne,3
friendlythe,3
gobyos,3
rise,3
upstairs,3
fresher,3
nature,3
charity,3
help,3
rating,3
flame,3
mantaaap,3
goreng,3
homy,3
rate,3
son,3
onion,3
general,3
fnb,3
haijeek,3
tricks,3
helmets,3
kebabs,3
eid,3
hihi,3
chilies,3
artisan,3
2022,3
nongki2,3
didnt,3
immunity,3
mergan,3
helps,3
basically,3
walik,3
shelter,3
oranges,3
bc,3
careful,3
20,3
congregational,3
roastery,3
dau,3
arrangement,3
vegetable,3
brother,3
djs,3
copy,3
siip,3
cover,3
riverside,3
smells,3
chores,3
themed,3
complain,3
uenak,3
lur,3
frappe,3
feeling,3
ngleyeh,3
lava,3
tarot,3
tujung,3
gandos,3
swear,3
reviewed,3
sour,3
mantaaappp,3
summer,3
dota,3
exotic,3
bustle,3
bun,3
lumpia,3
empal,3
toll,3
thing,3
ani,3
mrs,3
traveling,3
competitive,3
cs,3
texture,3
sober,3
ramen,3
levels,3
matter,3
short,3
merchandise,3
sangat,3
loved,3
gems,3
worship,3
late,3
murce,3
sockets,3
chip,3
hideout,3
dusk,3
culture,3
carbonara,3
size,3
bored,3
terbul,3
response,3
learn,3
kaia,3
bamboo,3
mosquitoes,3
9k,3
zone,3
owners,3
stopping,3
mabar,3
residential,3
payment,3
12,3
uncle,3
havana,3
shot,3
faster,3
square,3
discuss,3
dan,3
bouncy,3
srikaya,3
babies,3
childs,3
bounce,3
arek,3
flower,3
cokcok,3
stores,3
meters,3
signal,3
kedungkandang,3
recommanded,3
therapy,3
semioutdoor,3
ma,3
fairly,3
twilight,3
goods,3
check,3
pen,3
scary,3
dating,3
outdoors,3
ur,3
moonlit,3
jenga,3
finally,3
audio,3
dimsum,3
needed,3
mletik,3
rupiah,3
literacy,3
2021,3
dormitory,3
cappuccinos,3
welcome,3
custom,3
getting,3
jungkook,3
entertainment,3
asked,3
rental,3
quietly,3
kamsia,3
studentfriendly,3
chef,3
players,3
malls,3
selfdefense,3
residence,3
coldbrew,3
grow,3
penyet,3
grand,3
tends,3
deliciousthe,3
disappointed,3
incomplete,3
smokers,3
ms,3
jamu,3
duren,3
1000s,3
instagrammable,3
thesis,3
grounded,3
goto,3
app,3
socket,3
malaysian,3
roti,3
curiosity,3
coklat,3
placed,3
white,3
kintamani,3
karangbesuki,3
player,3
sufficient,3
10k,3
poke,3
athmospher,3
fitting,3
papua,3
thanks,3
coffeshop,3
ntapsss,3
negeri,3
sma,3
says,3
roll,3
bermula,3
gajayana,3
palace,3
families,3
mayo,3
goddd,3
klojen,3
mayonnaise,3
rarely,3
acid,3
scenic,3
singing,3
semeru,3
arjuno,3
sales,3
oke,3
drool,3
graha,3
makassar,3
turn,3
flyover,3
phone,3
angry,3
animals,3
peoples,3
cart,3
rare,3
drawback,3
furniture,3
stock,3
butter,3
preference,3
comfortably,3
performance,3
dua,3
kombucha,3
groups,3
instagram,3
midnight,3
expert,3
cartridge,3
semox,3
mabora,3
freezing,3
beers,3
body,3
leker,3
tires,3
kicks,3
narrow,3
ig,3
16k,3
sm,3
sri,3
trusted,3
crackers,3
exactly,3
champions,3
matos,3
gmaps,3
hazelnuts,3
dj,3
bingsoo,3
outer,3
cappucinonya,3
ga,3
jingkrak,3
flavour,3
teh,3
excelso,3
waffle,3
confused,3
boy,3
aja,3
panini,3
ketan,3
directly,3
connection,3
daksi,3
activity,3
standart,3
quick,3
mangunkarsa,3
terang,3
opens,3
mushollah,3
lover,3
stage,3
jozzz,3
junior,3
roads,3
steadyps,3
gym,3
claws,3
disturb,3
tap,3
terminal,3
meatball,3
indihome,3
alfis,3
kpk,3
sushi,3
las,3
refreshed,3
si,3
retail,3
birthday,3
shaved,3
nom,3
bulbs,3
layout,3
frapuchino,3
shoppee,3
temple,3
angatt,3
lousy,3
pesenkopi,3
yesterday,3
map,3
install,3
delivered,3
ago,3
diferent,3
sambals,3
gut,3
foodcourt,3
friday,3
update,3
maknyusss,3
regulator,3
weird,3
sambele,3
aa,3
batagor,3
airport,3
ote,3
iku,3
2000,3
implies,2
downside,2
kidul,2
universitas,2
amenities,2
create,2
coco,2
mi,2
mind,2
lemonade,2
gomik,2
stamp,2
bangedddddzzzzz,2
creampuff,2
nyore,2
silverqueen,2
pity,2
akong,2
grandparents,2
salespeople,2
unikama,2
coffeegood,2
suipppppp,2
monday,2
susana,2
regarding,2
pleasure,2
broosiss,2
cooks,2
jagoar,2
roasts,2
jodipan,2
half,2
estu,2
met,2
fren,2
15,2
atoz,2
addition,2
dream,2
pikabo,2
ideas,2
intestine,2
religious,2
islamic,2
bonus,2
dudeee,2
amen,2
rekkk,2
ecofriendly,2
hobby,2
airconditioned,2
kanawa,2
muantul,2
ramahh,2
ganteng,2
kikil,2
medium,2
lontong,2
ovomaltine,2
gravy,2
printing,2
convection,2
vendor,2
jacket,2
double,2
maximum,2
wake,2
seliweran,2
sts,2
telern,2
rubber,2
ramas,2
squash,2
sir,2
continued,2
growing,2
rasta,2
cibinong,2
rolling,2
skuyy,2
puolll,2
menunyaa,2
thief,2
servicesatisfied,2
kombi,2
milo,2
mojito,2
mocktail,2
crouffle,2
dermo,2
ufc,2
brotherhood,2
klotoknya,2
celebrate,2
activities,2
gayo,2
girlfriends,2
jose,2
checker,2
muantappp,2
claw,2
cubes,2
danat,2
backbiting,2
appearance,2
deketnya,2
shopee,2
rec,2
sachets,2
ranging,2
karanglo,2
anticorona,2
tot,2
tomorrow,2
poool,2
hottest,2
hababa,2
greenteanya,2
ueenakk,2
mood,2
ventritre,2
men,2
sajen,2
stmjne,2
uti,2
baguuusssprofessional,2
nuances,2
temu,2
power,2
mainly,2
fix,2
plant,2
koko,2
coffeeits,2
tiramisu,2
takoyaki,2
landlord,2
kaffa,2
lais,2
wider,2
candi,2
nemen,2
bosqrecommended,2
flavored,2
abiizzzz,2
coolest,2
songs,2
matah,2
cows,2
packaged,2
juooos,2
cumin,2
alumni,2
benches,2
highend,2
eui,2
madura,2
eman,2
hangoutcheap,2
smoky,2
catfish,2
viruses,2
purel,2
branded,2
numero,2
laotian,2
ipok,2
kuentel,2
let,2
height,2
taken,2
kotalama,2
sistaa,2
sweeteners,2
malaysia,2
bacteria,2
prebiotic,2
learning,2
useful,2
users,2
tire,2
thorough,2
suegeeer,2
terms,2
suippp,2
detox,2
stuffing,2
dear,2
drain,2
greatmurmercompletefree,2
kopaile,2
kresss,2
beware,2
skewers,2
nge,2
comment,2
maknyusssss,2
nyuss,2
thousands,2
betutu,2
sarbur,2
hoooreg,2
milky,2
vermicelli,2
enitime,2
automotive,2
booth,2
muantullllllll,2
piscok,2
sumarto,2
bpk,2
fryer,2
subscriptions,2
mitra,2
unohospitality,2
fiffa,2
coffeeplease,2
santay,2
rid,2
boredom,2
goodyou,2
batt,2
carrots,2
tersyahdu,2
dops,2
bascamp,2
donations,2
tested,2
tongkrongan,2
productive,2
complained,2
wrapped,2
puol,2
4000s,2
bataco,2
sad,2
vary,2
sun,2
helios,2
nyai,2
karna,2
stronger,2
maxx,2
teagar,2
deliciousness,2
raden,2
gazebo,2
jozz,2
locals,2
16oz,2
suegerrr,2
browse,2
landungsari,2
enaqin,2
bowls,2
comb,2
azahhhh,2
candles,2
items,2
kindergarten,2
bakti,2
sense,2
celebrationscongratulations,2
submarine,2
strategically,2
tenant,2
slur,2
offline,2
growingaminnn,2
cheapdeliciousfullsuccess,2
hooked,2
guava,2
bet,2
rangin,2
suki,2
chargers,2
interact,2
pb,2
specifically,2
maxim,2
joos,2
arul,2
specialist,2
tape,2
jln,2
cuusss,2
simbah,2
boxes,2
tumpeng,2
liming,2
paos,2
werent,2
things,2
condensed,2
sweetened,2
accepts,2
sacred,2
costing,2
segeeeerrr,2
recommenddd,2
disturbed,2
beveragesnya,2
olympic,2
basic,2
walked,2
lvl,2
sustainable,2
option,2
visitor,2
esque,2
lodging,2
cityaffordable,2
escape,2
workout,2
popeyes,2
basil,2
tempe,2
gepok,2
vaporista,2
thirsty,2
suck,2
strooong,2
coffeenyaa,2
aka,2
grandmas,2
curry,2
choconya,2
savanna,2
sitimewah,2
early,2
ngopiii,2
expresso,2
finish,2
moektie,2
cofe,2
1010,2
cafein,2
vietpresso,2
experienced,2
closing,2
joosssss,2
worker,2
introverts,2
netherlands,2
clothes,2
lurd,2
laugh,2
cooming,2
dalgona,2
walk,2
able,2
float,2
indulge,2
boscuuuu,2
dech,2
standards,2
saptawikrama,2
chatime,2
koziii,2
placewarung,2
klemis,2
hits,2
baristastyle,2
gemoy,2
buns,2
blueberry,2
filled,2
kec,2
ricebox,2
breadfruit,2
dock,2
casually,2
coarse,2
youll,2
kopia,2
kota,2
reduce,2
tastenice,2
sekul,2
dodol,2
dog,2
ngipok,2
closest,2
kiosk,2
gus,2
sooooo,2
mbegendeng,2
kofi,2
disappoint,2
crew,2
surprised,2
82,2
fees,2
tawangmangu,2
pricefriendly,2
goes,2
icon,2
liquid,2
direction,2
tyas,2
grocery,2
kendalsari,2
lumintu,2
pyuhhhh,2
tejo,2
secret,2
janjijwa,2
forward,2
polycoffee,2
progo,2
tuesday,2
sought,2
velvet,2
incredible,2
joshs,2
karangploso,2
filling,2
country,2
catering,2
boys,2
greatest,2
congratulations,2
homestay,2
nutritious,2
malabar,2
sat,2
set,2
salty,2
ate,2
suka,2
youtubers,2
tendernessaccording,2
ojols,2
particular,2
aunties,2
image,2
neruts,2
stupid,2
barbershop,2
ekekwl,2
favmenu,2
savana,2
band,2
updated,2
joz,2
hokben,2
sharia,2
mouth,2
endesss,2
pack,2
willing,2
janti,2
frappuccino,2
additional,2
considering,2
dieng,2
ijen,2
sbux,2
machiato,2
compare,2
sipping,2
smile,2
ices,2
joyogrand,2
tempat,2
moonlight,2
lil,2
booking,2
lighting,2
tasteful,2
architecture,2
binjai,2
46,2
canggu,2
vapor,2
barrista,2
spare,2
gurame,2
called,2
convenience,2
vespa,2
setup,2
listening,2
promote,2
bunny,2
desserts,2
espressomake,2
reccomended,2
makjoesss,2
tomb,2
id,2
curated,2
kindly,2
ricefield,2
magic,2
annoying,2
qris,2
fat,2
ps4,2
pes,2
secure,2
pays,2
ngopinya,2
limit,2
named,2
phingda,2
liquer,2
krengsengan,2
mantull,2
comfortablecoolsuitable,2
cockroach,2
gejrot,2
prepared,2
torn,2
apart,2
occupants,2
mbah,2
nab,2
joooossss,2
hbo,2
netflix,2
appointment,2
theyre,2
trunojoyo,2
fitness,2
findyourfriend,2
cuteness,2
quran,2
ji,2
list,2
7pm,2
hate,2
important,2
gambler,2
android,2
ratings,2
belio,2
910,2
shophouse,2
joe,2
roaster,2
ntp,2
missmenuboleh,2
specialized,2
greeny,2
compact,2
friendsgirlfriends,2
hermitage,2
kamlang,2
straws,2
benefits,2
mixology,2
backyard,2
industrial,2
kalpataru,2
mobelegend,2
mattresses,2
assorted,2
kopitulas,2
leave,2
minimal,2
forgot,2
elpico,2
javaren,2
mei,2
umm,2
heaven,2
ants,2
advantage,2
milkfish,2
esdega,2
accompanied,2
cattle,2
aozora,2
wifisippppp,2
suma,2
heartedhopefully,2
angle,2
rousing,2
straw,2
spill,2
education,2
branding,2
toraja,2
trt,2
um,2
cheesetea,2
pollutionfree,2
ngalam,2
wedlock,2
tastysaving,2
kencur,2
artists,2
mania,2
gain,2
bersih,2
caps,2
gasin,2
mobio,2
kicking,2
paragliding,2
placid,2
army,2
setting,2
wikacell,2
coworking,2
9510,2
improvements,2
longer,2
icedcoffee,2
downstairs,2
cafebar,2
separated,2
intake,2
trainspotting,2
malangs,2
minus,2
newest,2
picollo,2
situated,2
souvenir,2
hampers,2
expect,2
plenty,2
covid19,2
baristacashier,2
cultural,2
event,2
kuu,2
gone,2
yo,2
tjakap,2
soehat,2
reggae,2
maasmuna,2
knows,2
booths,2
kotabaru,2
panoramic,2
stadium,2
inspiring,2
polinemas,2
chamomile,2
purwantoro,2
uyun,2
dads,2
entry,2
lol,2
wani,2
rene,2
mbak,2
malioboro,2
shopcafe,2
ciliwung,2
coffeenon,2
sulawesi,2
methods,2
vip,2
matur,2
ways,2
takjil,2
dates,2
complicated,2
iphones,2
nugas,2
individual,2
rock,2
lab,2
police,2
ngrawan,2
mushrooms,2
solo,2
8k,2
literate,2
melt,2
1645,2
strange,2
moderate,2
polll,2
nirmala,2
buyer,2
surely,2
sidoarjo,2
selorejo,2
saran,2
wash,2
musiclets,2
ngobrol,2
alaska,2
indonesiaan,2
masyaa,2
goodsabi,2
varies,2
fruitbar,2
include,2
ameicano,2
brengos,2
academy,2
tahwa,2
apartment,2
stmjs,2
suit,2
oath,2
jack,2
proper,2
hamburg,2
pour,2
cipta,2
missed,2
kite,2
mazzay,2
approximately,2
ngafe,2
freshness,2
eliminating,2
lundry,2
hotdog,2
tumbas,2
sii,2
mazeee,2
gildak,2
nyos,2
puollll,2
banyu,2
chilly,2
freshly,2
imagine,2
greatpp,2
marknyus,2
lokasi,2
leisure,2
crepes,2
lamongane,2
helping,2
mantaapp,2
ruaaaaar,2
konoga,2
anget,2
reptile,2
keraton,2
warmly,2
ndut,2
mercon,2
reference,2
social,2
23,2
blitar,2
madu,2
eclectic,2
lights,2
keju,2
kopitani,2
teak,2
delicacies,2
esis,2
enjoyed,2
omelette,2
coffeenya,2
hungry,2
comics,2
boardgames,2
exceptional,2
offering,2
smoker,2
placenice,2
snackfood,2
forum,2
niceee,2
suggest,2
huge,2
wangi,2
forgotten,2
rotikukuspanggang,2
tailor,2
addict,2
forget,2
2018,2
kenawa,2
presents,2
pictures,2
paddy,2
oks,2
pride,2
shoping,2
placegood,2
4000,2
decoration,2
sarkop,2
tanpa,2
directions,2
glek,2
watching,2
soso,2
played,2
toppppp,2
rainy,2
chit,2
touppmii,2
mice,2
mantabbb,2
a2s,2
cafeesque,2
santika,2
boardgame,2
nayamul,2
hand,2
bottled,2
satisfy,2
promise,2
mog,2
nuts,2
suasanaco,2
kabare,2
pie,2
theater,2
cappucino,2
south,2
rst,2
breaks,2
nomads,2
murah,2
solutions,2
childrens,2
goooombengggggg,2
kue,2
true,2
patient,2
earth,2
kimpil,2
discussionchat,2
team,2
vicinity,2
placewith,2
wawan,2
jeeees,2
fishy,2
demasu,2
koi,2
ion,2
sundays,2
nonstop,2
self,2
aseknya,2
supermarket,2
points,2
nicecm,2
guyup,2
2x,2
ngafeee,2
november,2
emerging,2
dm,2
toooos,2
tiny,2
lamps,2
doubt,2
maaasss,2
organizational,2
owns,2
tek,2
haircuts,2
wanak,2
sandwiches,2
genre,2
discussing,2
studying,2
tired,2
sadness,2
broth,2
kafe,2
cafeteria,2
thought,2
decorated,2
tteokbokki,2
cheesecake,2
kungpao,2
jamaican,2
museum,2
bataputi,2
cafecoffeeshop,2
menunya,2
kopituju,2
sara,2
european,2
tell,2
1020k,2
personal,2
pearl,2
goood,2
aromatic,2
american,2
mild,2
sampoerna,2
punel,2
bubuk,2
reunion,2
seed,2
mosquitos,2
coffeetime,2
aircon,2
storefront,2
vegan,2
burritos,2
italian,2
cip,2
typically,2
maintain,2
coffeeso,2
lupa,2
rondeangle,2
stood,2
kata,2
kita,2
rockn,2
gooss,2
plz,2
fellow,2
vaping,2
til,2
wudhu,2
creative,2
bulan,2
yesssss,2
yudi,2
balinese,2
secluded,2
75,2
klayatan,2
warsaw,2
gresik,2
madyopuro,2
kopag,2
surprise,2
recipes,2
sarijan,2
spy,2
consists,2
regal,2
vallen,2
maryam,2
closedcomfortable,2
expectation,2
changes,2
rondo,2
pine,2
songong,2
wiyurejo,2
homely,2
selected,2
apache,2
wekan,2
tempaty,2
in1,2
cuts,2
tips,2
shopeepaylater,2
preparation,2
bones,2
song,2
shout,2
loooos,2
hometown,2
santuynear,2
vg,2
stepping,2
pln,2
pole,2
san,2
trust,2
baverage,2
minutes,2
machine,2
packs,2
ears,2
kesamben,2
maklum,2
adding,2
wuenak,2
umrah,2
distance,2
dirty,2
enaaaaakkk,2
bubble,2
faucet,2
eskopi,2
surveillance,2
ngopang,2
dalisodo,2
resellers,2
result,2
slurp,2
3m4nu3l,2
pamper,2
relieve,2
househave,2
dadi,2
beautify,2
vegas,2
predominant,2
blast,2
durians,2
kalijaga,2
ortu,2
child,2
futsal,2
illegal,2
necessary,2
reviews,2
qita,2
litchi,2
upgrade,2
produced,2
wall,2
painting,2
iq,2
campuses,2
kachicooffee,2
running,2
manteeeeeep,2
giras,2
seen,2
idr10k,2
ladies,2
supposed,2
coffeenoncoffee,2
tuopppp,2
majelisan,2
corns,2
nope,2
klepon,2
salmon,2
hainan,2
purchasing,2
aquariums,2
chillout,2
coffeeeven,2
bawangnya,2
goa,2
regents,2
buses,2
dishub,2
kopiyor,2
electone,2
loppp,2
yehud,2
sp,2
ker,2
meaningless,2
mendonya,2
dpkai,2
markolang,2
mirror,2
revolution,2
croffles,2
xiboba,2
ribs,2
gps,2
chickens,2
marketing,2
aircraft,2
friendsrelatives,2
candies,2
plase,2
surabi,2
pancake,2
universities,2
cuban,2
inspirative,2
trategis,2
mantuel,2
unlimited,2
mosquito,2
mumer,2
woke,2
gadang,2
reopened,2
songkem,2
goof,2
respect,2
oclock,2
monitoring,2
buat,2
bird,2
tempura,2
kebonsari,2
debitcc,2
tebo,2
yogurt,2
relaxingentertainingfree,2
district,2
zzzzz,2
jogjas,2
cafeom,2
aseks,2
lombok,2
kiss,2
khalid,2
eel,2
servings,2
kpop,2
carwash,2
siiiiep,2
kopiland,2
slightest,2
handyman,2
yulia,2
bananaaaaa,2
pronounced,2
mek,2
sela,2
margarita,2
blueband,2
recite,2
teacher,2
koran,2
paid,2
attendants,2
ambienceworm,2
spaghetti,2
unhealthy,2
bath,2
milkmenus,2
makanan,2
themexs,2
shack,2
kartini,2
sabaaar,2
muantapppl,2
djaya,2
markjosss,2
kuh,2
hapizza,2
ngopienet,2
sambel,2
quickly,2
unexpected,2
soap,2
paint,2
lutfi,2
beautifull,2
sport,2
membantu,2
lukumades,2
ganji,2
ky,2
rt,2
race,2
500gr,2
canteen,2
wenaakk,2
wokay,2
pizzas,2
stardust,2
kokumi,2
starvation,2
sarinah,2
girls,2
tenacity,2
boyyy,2
urwah,2
information,2
web,2
haha,2
incident,2
paving,2
laksa,2
muhammadiyah,2
bandulan,2
massage,2
cissipizza,2
heppy,2
enjoi,2
inclined,2
heights,2
phobia,2
jeru,2
kirun,2
months,2
makadih,2
60,2
bicycle,2
jooossss,2
majic,2
cemilan,2
results,2
da,2
ai,2
aang,2
commuters,2
tiger,2
uncooked,2
conditioned,2
esthetic,2
bass,2
pelayanan,2
whatsapp,2
sams,2
pillars,2
alms,2
professional,2
unprofessional,2
hpan,2
gadgets,2
djah,2
mk,2
minimalistnext,2
shape,2
pahe,2
se,2
piro,2
telephone,2
rides,1
passionate,1
nk,1
cafegiving,1
jacuzzi,1
pic,1
necessities,1
exploring,1
cheapu,1
felt,1
excited,1
sprite,1
spills,1
badabest,1
kumas,1
advantages,1
aladin,1
blends,1
tjakalang,1
infant,1
euphoria,1
fantastic,1
creamylegitbest,1
ambient,1
barberman,1
ggwp,1
sins,1
sinsmuantabs,1
passed,1
foodgood,1
era,1
fluffier,1
spiced,1
buttermilk,1
brownies,1
attractive,1
mada,1
gajah,1
yummi,1
homies,1
sudawirat,1
addictedits,1
bangett,1
matchanya,1
beybladean,1
beyblade,1
hihihi,1
bangeeeeeet,1
bunda,1
jooss,1
explain,1
matches,1
alim,1
wiwit,1
friendscozyhomieand,1
maasyaaallohmushroom,1
data,1
credit,1
mulet,1
lillah,1
udeng,1
enthusiastic,1
suiipp,1
banoffee,1
tv,1
oyag,1
nuanced,1
penzual,1
relaxingchatshadefuul,1
kaca,1
kampung,1
warna,1
tomtom,1
friendsaaa,1
mimin,1
yoi,1
makjun,1
smj,1
deplok,1
siippp,1
addicts,1
journaling,1
separately,1
herb,1
executive,1
stm,1
spaces,1
brilliant,1
yuhuu,1
generate,1
opponents,1
yaa,1
teeth,1
dregs,1
99,1
changed,1
tb,1
comfortablefull,1
grated,1
suegerr,1
speak,1
stuck,1
klothok,1
tasks,1
remen,1
potluck,1
kalibata,1
bangladeshi,1
redvelvet,1
build,1
bills,1
ahhh,1
pho,1
nywa,1
bananabis,1
wooooooooooooooooooooooooooooooooooooooooodd,1
topfriendly,1
ee,1
pob,1
matthew,1
lead,1
kikilnya,1
muantulllll,1
kupang,1
marsrotop,1
creamer,1
reorder,1
varieties,1
misua,1
misoa,1
tshirt,1
jersey,1
kapan,1
overpower,1
tastecan,1
cough,1
flyovers,1
alfamart,1
lounge,1
uleg,1
murmerrrrr,1
murmerrr,1
alternatives,1
brotmp,1
approx,1
muantaaaaabbb,1
quencher,1
category,1
masyallah,1
sekuttt,1
stand,1
bogor,1
thorbacco,1
warbiassaah,1
makyus,1
hapiness,1
teams,1
1500pcs,1
understanding,1
kicked,1
tools,1
wib,1
1800,1
hoottttt,1
kaffee,1
mocha,1
koe,1
hearted,1
pollll,1
kuwut,1
xd,1
butterfly,1
rm,1
ubs,1
mothersthe,1
favo,1
anytime,1
birthdays,1
huhu,1
clay,1
napol,1
jay,1
sharp,1
war,1
progress,1
pockethopefully,1
puddingice,1
express,1
expectations,1
pwol,1
wassalamualaikum,1
nangkring,1
victorious,1
familythe,1
rekk,1
yuuuk,1
attitude,1
coffereally,1
supportive,1
honeypass,1
ninuks,1
jooosss,1
deadly,1
teriyaki,1
pals,1
standing,1
firm,1
cultivation,1
cultivate,1
saungs,1
shuang,1
2019,1
personally,1
tanjung,1
raza,1
wader,1
waders,1
wisnu,1
kost,1
wardhana,1
kereeenn,1
mendut,1
comecoffee,1
tios,1
chewing,1
squid,1
halalbihalal,1
rw,1
wellplesples,1
greatcozy,1
questions,1
mace,1
ohiya,1
sidewalk,1
mat,1
gacor,1
tenkyu,1
siomay,1
wenaks,1
cacao,1
puding,1
exciting,1
coffeegreat,1
coffeey,1
chest,1
tremble,1
trying,1
annuriyah,1
kotoskotos,1
onions,1
ittop,1
11k,1
april,1
muantuuuullllll,1
flat,1
talking,1
800,1
ntaaaaaps,1
kebalen,1
wetan,1
3398,1
1985,1
2400,1
dings,1
increased,1
ilakes,1
nasgoy,1
goodand,1
cheaponly,1
hulk,1
jibles,1
kelazzzz,1
sensations,1
identical,1
lori,1
dawet,1
yuhu,1
works,1
helped,1
leaked,1
patch,1
drinkers,1
bung,1
helpfull,1
berry,1
seasoned,1
wififriendly,1
deliciousand,1
gum,1
coffeekopi,1
intestinal,1
gassssskaaannn,1
forbidden,1
pet,1
18,1
recommendedits,1
batch,1
homie,1
headquarters,1
complex,1
addiction,1
jawara,1
othersthe,1
hereopen,1
morningso,1
amernyaweekends,1
mataaap,1
babatasakarepku,1
1500,1
known,1
cap,1
ricenoodles,1
pdam,1
milkshakes,1
fixed,1
dahh,1
asikk,1
heres,1
civilized,1
spinach,1
dragon,1
drinkhang,1
ro,1
passengers,1
exact,1
mermer,1
jadah,1
unpretentious,1
greatfresh,1
yukkk,1
cuzzz,1
pwoll,1
mummer,1
yasin,1
uenakkkk,1
om,1
yasiiiincoffee,1
fruity,1
toobesides,1
form,1
paintings,1
mixes,1
gosh,1
vellos,1
la,1
raes,1
ambon,1
cuttlefish,1
unwind,1
10rb,1
endos,1
ndrodos,1
nonspicy,1
wijayas,1
sluggish,1
pubg,1
broad,1
explore,1
blank,1
cyberspace,1
mengesankan,1
relaxingthe,1
explodes,1
yayuk,1
ck,1
seriously,1
generous,1
blessed,1
aamiin,1
bismillah,1
finding,1
kebab,1
battery,1
cellphone,1
besecamp,1
facilitated,1
stories,1
allows,1
buffets,1
slave,1
ideology,1
parliament,1
rifky,1
gunadarma,1
inseparable,1
exist,1
6pm,1
grind,1
minimalis,1
cliffy,1
bgtt,1
accessible,1
nakoas,1
beveragewise,1
remang2,1
rustic,1
pagoped,1
servicesnya,1
chati,1
capacity,1
galungung,1
immersion,1
djuanda,1
meow,1
thankyou,1
tourists,1
spiritual,1
gamers,1
pods,1
refrigerator,1
vomit,1
adapting,1
pewe,1
official,1
jooos,1
lobby,1
ori,1
barbeque,1
grinding,1
sounds,1
attic,1
eats,1
1st,1
xam,1
case,1
repurchase,1
ckena,1
shots,1
awake,1
literary,1
koffie,1
moekti,1
stressin,1
terminals,1
mars,1
amiin,1
adjusted,1
calming,1
polytechnic,1
concoctions,1
ruko,1
apparently,1
jinawi,1
baristacozy,1
coozy,1
wooden,1
peh,1
recomededi,1
picking,1
tho,1
accompanies,1
meetups,1
fussy,1
santuyyyy,1
skuuuy,1
smart,1
countryside,1
mantep,1
veranda,1
coffeerecommended,1
dinoyo,1
puncak,1
aunt,1
rocker,1
colada,1
menteng,1
uuwweeenaakkkkk,1
flows,1
singget,1
tipiz,1
refresh,1
overseas,1
kopiselow,1
janaka,1
goodlah,1
solitude,1
boarded,1
heat,1
pawnshops,1
spaciousthen,1
margosuko,1
reagan,1
redvelvetit,1
ghokill,1
placedelicious,1
coffeehomey,1
salads,1
widow,1
charming,1
uwuuw,1
wafa,1
nondrivers,1
daycinno,1
virgin,1
ademmm,1
hehehehehehehee,1
cocktails,1
hay,1
baked,1
uii,1
lowokwaru,1
recently,1
mesem,1
candy,1
balaraja,1
jamur,1
santuyy,1
vilaa,1
packages,1
satan,1
gembul,1
brews,1
invite,1
debate,1
35,1
version,1
cozui,1
mantao,1
border,1
borders,1
proof,1
stmjab,1
stable,1
wooooooooooooooooooooooooooooooooooooooooooooooooooooooooooooooooooooooooooooooooooooood,1
surface,1
grounds,1
jeees,1
fooddrinks,1
aseli,1
maknyus,1
poolll,1
kerr,1
shopcomfortable,1
acinya,1
gercapp,1
closer,1
villagetaro,1
5000,1
mixing,1
jt,1
oligo,1
amsterdam,1
milanisti,1
nyoooy,1
adulthood,1
mugi,1
kobong,1
hearing,1
pyuh,1
otw,1
songo,1
cola,1
psenkopi,1
kab,1
rayaits,1
ikmc,1
taktong,1
branches,1
slightly,1
beuddd,1
northern,1
njirr,1
zuper,1
volcano,1
natuna,1
playlist,1
sabi,1
lifestyle,1
skalii,1
gorgeous,1
goodgoodgoodcomfortable,1
tracks,1
anti,1
rico,1
sipppp,1
meiyah500,1
maghrib,1
wilis,1
mreneeo,1
bossqu,1
mreneo,1
forest,1
qhar,1
busat,1
seabreg,1
6000,1
artificialsynthetic,1
mantaaaapp,1
nasgor,1
likeits,1
spicymedium,1
brave,1
losduk,1
queues,1
heri,1
gaeesss,1
manufacturing,1
beneficial,1
tijah,1
source,1
menjes,1
lenggang,1
dive,1
attendance,1
wenaak,1
nawak,1
nawakkumpuliki,1
jooooooosssss,1
scene,1
catch,1
cincaustory,1
ghibah,1
nose,1
freebies,1
rujake,1
looss,1
toppppppppppp,1
kanan,1
exterior,1
vallet,1
pastries,1
ngoffee,1
leading,1
upscale,1
photobox,1
boulevard,1
snacknya,1
colokan,1
loveeee,1
foodchill,1
pancongnya,1
caring,1
surprisingly,1
tastebuds,1
revisit,1
selections,1
soothing,1
truly,1
dormy,1
hostel,1
stirred,1
racikan,1
boiling,1
refreshment,1
bercerita,1
cranberry,1
tonic,1
repair,1
brightest,1
moon,1
lavish,1
sulphate,1
cuisines,1
mantaph,1
milkdrinks,1
egghoneyginger,1
lailai,1
cookie,1
dye,1
baverages,1
brunch,1
boutique,1
koreanstyle,1
won,1
vaporize,1
quiz,1
clubbing,1
timetofeedthesoul,1
carp,1
babershop,1
basement,1
jazzy,1
congratulation,1
frequented,1
launching,1
equipment,1
rcmnded,1
placelets,1
dearesthappiness,1
shelves,1
borrow,1
manteep,1
grat,1
significant,1
bruschetta,1
assam,1
anglo,1
barokah,1
brooo,1
pokoeee,1
coock,1
challenging,1
gyukuri,1
pineapple,1
fermented,1
katsudon,1
friendss,1
bycoffee,1
aci,1
evaluating,1
friendsthe,1
tumbler,1
rose,1
mumbul,1
stifling,1
yiu,1
binus,1
adorable,1
fragrant,1
recommendthe,1
friendlythank,1
handle,1
mantuuuulll,1
payments,1
majun,1
tulup,1
final,1
ugly,1
headache,1
msgthe,1
celaket,1
sukapura,1
kampek,1
frugal,1
kabehono,1
comfot,1
guarded,1
curious,1
foodsnacks,1
okalthough,1
buffet,1
bmc,1
nomis,1
13k,1
brazillian,1
bikres,1
homyriders,1
shift,1
mogumogu,1
recomanded,1
breezes,1
everysingle,1
classmade,1
coffeea,1
masyuk,1
02,1
bottle,1
staples,1
tyta,1
efood,1
ringin,1
manga,1
mentality,1
meditate,1
greens,1
inspired,1
grandfather,1
movie,1
disney,1
hotstar,1
ngunku,1
nang,1
kunu,1
nns,1
marketed,1
worthy,1
collaborates,1
anamid,1
juz,1
bngetzz,1
laban,1
starbuck,1
remarkable,1
holic,1
jagalan,1
thumbs,1
grieve,1
aeneas,1
tincidunt,1
placerat,1
aenean,1
dignissim,1
quam,1
selecrice,1
nauseous,1
tablechair,1
explanations,1
descriptions,1
indomei,1
besttttt,1
quieter,1
dominant,1
placebut,1
cloudy,1
santuyyy,1
againtop,1
countrystyle,1
empok,1
faimli,1
anget2,1
belanda,1
indonesi,1
singers,1
join,1
accousticno,1
acoustic,1
accousticwe,1
funky,1
requires,1
filo,1
minimalistic,1
plan,1
missownerdont,1
flirtatious,1
tisss,1
capital,1
saturdaywhen,1
saturday,1
hitzzz,1
nonplastic,1
djamoe,1
pipok2,1
weaboo,1
uyy,1
mbok,1
freeland,1
viewing,1
mingle,1
blankets,1
mate,1
pillows,1
bed,1
wifee,1
ngem,1
ambons,1
ko17,1
melon,1
cutepppphhhh,1
elite,1
shareetc,1
crutu,1
hweeeenak,1
folk,1
easytoreach,1
relative,1
lime,1
jios,1
markojos,1
presto,1
sifak,1
withhmmmm,1
ex,1
billed,1
harmonious,1
murmerr,1
favv,1
popcorn,1
seeeeek,1
puooooll,1
puncture,1
obong,1
cheaptempte,1
relaxedpnjuale,1
autentic,1
sudimaras,1
sudimara,1
millennial,1
classroom,1
copies,1
mombol,1
mumpluukkk,1
stick,1
teapot,1
rounds,1
peanuts,1
hearts,1
impressed,1
inclusiveness,1
trs,1
betel,1
santuythe,1
herbalife,1
menua,1
gadogado,1
bukber,1
residue,1
plaosan,1
deliciousa,1
setrup,1
malangan,1
republic,1
doctors,1
apron,1
pregnant,1
funny,1
ve,1
medan,1
tauco,1
canal,1
pediatrician,1
uduk,1
rp,1
foodie,1
daytime,1
gasek,1
kawan,1
besuki,1
karang,1
winning,1
motor,1
workshop,1
sofas,1
dy,1
outbound,1
kaliwatu,1
kostrad,1
rabbit,1
singosarimalang,1
bingitsss,1
bore,1
sadly,1
nicely,1
hotspot,1
foodworthy,1
brewok,1
beryl,1
king,1
cafeine,1
confirmed,1
dissatisfied,1
kenangan,1
equal,1
schnitzel,1
baristaowners,1
differ,1
yep,1
tokyos,1
izakayastreet,1
workers,1
coffeemilk,1
pcs,1
nonsense,1
cooperate,1
visual,1
hachili,1
brawijayas,1
choosethere,1
presentationwise,1
keeps,1
goodcomfortable,1
picked,1
developed,1
railroad,1
safety,1
precautions,1
ipong,1
stereotype,1
mylife,1
wheat,1
fajitas,1
opt,1
ehailing,1
purple,1
pricebest,1
tiga,1
bakpao,1
sadddddd,1
chainstores,1
tuku,1
favorable,1
vaccinated,1
drinkfriendly,1
waitresslove,1
buddys,1
padhang,1
mbulan,1
ambiences,1
gud,1
wood,1
instantly,1
cured,1
peaceful,1
mean,1
goodluck,1
cobbler,1
sellawwwwwww,1
tooyou,1
cozynice,1
unikk,1
sisters,1
maintenance,1
inhouse,1
klasik,1
oily,1
intimate,1
wave,1
arr,1
heyday,1
railway,1
kopsu,1
colleagues,1
varians,1
espressos,1
drums,1
picnic,1
appetizers,1
overprice,1
deep,1
neighbourhood,1
soo,1
kenyangggggggg,1
smua,1
ofc,1
dah,1
catss,1
variance,1
piled,1
ideal,1
arrivals,1
vines,1
renovated,1
gorengan,1
kauman,1
cozyy,1
suggestions,1
joyosari,1
prabujaya,1
clothing,1
lowak,1
burning,1
mural,1
gallery,1
friendsor,1
136,1
mila,1
explored,1
baceman,1
wifine,1
josssss,1
sea,1
30minute,1
occupied,1
melodic,1
bhava,1
chete,1
almaarif,1
69,1
sulfat,1
beanbag,1
loveable,1
flores,1
jawah,1
sumatra,1
wamena,1
hunter,1
mineral,1
coffeelots,1
testers,1
pricesand,1
malangthere,1
facilitiesat,1
convinience,1
presented,1
harum2,1
wkkw,1
suwun,1
2floor,1
coffecoco,1
eve,1
gig,1
ramadan,1
admin,1
changing,1
joozz,1
accompaniment,1
comforting,1
vibesnya,1
thaiteaq,1
yuzu,1
awal,1
patio,1
friendlyrecomended,1
bananalab,1
doloor,1
ksnaa,1
aichir,1
delicacy,1
kewilis,1
arab,1
nuri,1
wishesideas,1
kastangel,1
macscot,1
model,1
cupcakes,1
abbeys,1
murder,1
hahahahahahahahahahahahaha,1
ill,1
shave,1
orphanage,1
mayb,1
stacko,1
fillet,1
watchout,1
aichiro,1
epic,1
wenclem,1
quietest,1
tenants,1
kiw,1
cime,1
kiww,1
kopsus,1
jenangs,1
applications,1
journey,1
conditions,1
placefriendlylive,1
jointhere,1
mau,1
coolie,1
magna,1
die,1
allah,1
smiling,1
okfriendly,1
rename,1
awaited,1
overlapping,1
given,1
pioneer,1
martabakterangbulan,1
teller,1
cwie,1
toooopp,1
aftie,1
abroad,1
toprated,1
spa,1
danish,1
uwennagk,1
powdered,1
tahuwa,1
clients,1
sale,1
kulos,1
begawans,1
joooss,1
houses,1
wafian,1
mothers,1
kado,1
novels,1
dempo,1
kolegas,1
boring,1
hangoutsthe,1
deh,1
outespecially,1
placesuitable,1
suangarrrrr,1
tops,1
improvement,1
tracked,1
flying,1
cassava,1
gettogethers,1
wennaaakkkk,1
ultimate,1
hotdogs,1
cashback,1
ngehe,1
anwar,1
brw,1
ajendam,1
representative,1
lima,1
coffenya,1
past,1
lama,1
penyajian,1
bumcang,1
sman,1
ciloknya,1
mboisss,1
espressobased,1
supply,1
bajigur,1
homework,1
njupukopi,1
avocados,1
watermelons,1
kweeeren,1
gutten,1
activists,1
warubg,1
literature,1
september,1
kopilah,1
ada,1
woyek,1
rokok,1
jananan,1
mudah,1
shope,1
bidding,1
flagship,1
hypermart,1
ntaabssing,1
color,1
gurrriiiihh,1
nyamul,1
placesafe,1
parkingjust,1
besttt,1
rich,1
coy,1
biasa,1
lid,1
plastic,1
greeted,1
ha,1
feet,1
tigo,1
combines,1
jember,1
telur,1
jahemixed,1
muaaaantap,1
yolkhoneyginger,1
kweni,1
composition,1
gofoodgrabfoodshopeefood,1
rented,1
mentai,1
flavorful,1
1020,1
villagey,1
pedas,1
singkong,1
tahu,1
kinda,1
wouldnt,1
website,1
demolish,1
expensivefree,1
topnotch,1
hereclean,1
0000,1
nonac,1
semusim,1
sontoloyos,1
woods,1
significantly,1
appetizer,1
nachos,1
creme,1
brulee,1
bolondewe,1
caffein,1
hunt,1
prayers,1
mid,1
remind,1
apek,1
singaporean,1
eispaner,1
teaspoon,1
affection,1
palette,1
ceiling,1
twostory,1
cafedecorated,1
with70,1
exhibition,1
bervariasi,1
harga,1
asian,1
waiterwaitress,1
warmth,1
pesen,1
stroling,1
seeing,1
gartenhaus,1
nit,1
peace,1
tubruk,1
mangas,1
cater,1
snow,1
coffeee,1
imo,1
ruang,1
kostan,1
pray,1
promogreat,1
did,1
cangkrukfresh,1
somr,1
restaurantcafe,1
till,1
united,1
manchester,1
crunchyfried,1
freely,1
deserves,1
cuyy,1
keyeen,1
sampai,1
roastingnya,1
lataroma,1
meticulously,1
completing,1
coffes,1
verry,1
plate,1
gudang,1
pkace,1
accident,1
nylempit,1
stuff,1
nomaden,1
affordabke,1
target,1
nomadchiato,1
egghoneycajunbest,1
pave,1
tradisional,1
cave,1
adds,1
upsides,1
ekologie,1
motorcycles,1
nights,1
weighing,1
roasters,1
souvenirs,1
prize,1
rase,1
heavenly,1
cina,1
gurih,1
slices,1
mungbean,1
uma,1
philosophy,1
developments,1
simpang,1
wasting,1
reservation,1
singer,1
wasyik,1
cycling,1
comes,1
affogato,1
som,1
glassseparated,1
mlaang,1
hitams,1
millenial,1
baja,1
grateful,1
visits,1
workhomework,1
beanspowder,1
kawisari,1
reception,1
mentok,1
sae,1
crowdedgreat,1
titik,1
arrives,1
unripe,1
lamb,1
biryani,1
arabian,1
ros,1
suburb,1
wollesss,1
cluttered,1
bangs,1
gula,1
atrium,1
jarring,1
crushed,1
ceker,1
tulang,1
beautifully,1
chilin,1
rivers,1
riverview,1
goodmaybe,1
beansprout,1
kecambah,1
caused,1
thickness,1
colleges,1
peacefully,1
parisianstyle,1
pelangi,1
adult,1
reusable,1
tepos,1
qtime,1
tobbaco,1
consep,1
mojitonya,1
caffee,1
understands,1
characteristics,1
a2,1
intention,1
cancer,1
smelling,1
wear,1
belikopi,1
toga,1
tagline,1
aloof,1
jazz,1
provider,1
badand,1
hav,1
premiere,1
delicate,1
complimentary,1
yeah,1
trading,1
mtg,1
gabut,1
shoppingnice,1
gingerbased,1
takwa,1
turbo,1
squad,1
heroes,1
wnat,1
legends,1
bite,1
expand,1
diek,1
specializing,1
jonge,1
lake,1
velodrome,1
confortable,1
saw,1
voucher,1
cangkruk,1
seatschairs,1
gedongan,1
kopitangku,1
aq,1
110,1
reachable,1
kating,1
sociable,1
servicesafe,1
marts,1
customs,1
weeks,1
medication,1
balance,1
oppa,1
pussy,1
empekempek,1
togamas,1
fasting,1
comparable,1
angkringanstyle,1
exchange,1
knowing,1
joglo,1
zonk,1
nyonya,1
kitkat,1
nightwaiting,1
problem,1
repairing,1
patching,1
partners,1
kimcil,1
joni,1
nongkis,1
t4,1
fc,1
lintong,1
whyyy,1
powderjust,1
edible,1
varian,1
originally,1
shakes,1
outstmj,1
gardenthe,1
funthe,1
nyante,1
hmm,1
fruitflavoured,1
swing,1
muddy,1
toys,1
playground,1
separate,1
walks,1
surfing,1
gained,1
dew,1
spawning,1
rib,1
nano,1
scheduled,1
0900,1
adventures,1
adjust,1
support,1
badtry,1
woles,1
sabillilah,1
jooooss,1
minimalism,1
24jam,1
tukang,1
parkir,1
sepanjang,1
letaknya,1
ini,1
cheaply,1
quench,1
muantapp,1
survive,1
lightly,1
barbers,1
line,1
combed,1
emphasized,1
ya,1
matters,1
siiiiip,1
blackouts,1
pesantren,1
rukun,1
outlets,1
gass,1
satisfaction,1
sake,1
betttt,1
seng,1
breathe,1
hp,1
drunk,1
goodaffordable,1
jammed,1
siniiiiii,1
pydong,1
pydongfoods,1
orda,1
absorbed,1
ups,1
mumtaz,1
daeng,1
understand,1
joooosssss,1
dum,1
kerto,1
doc,1
copynice,1
jians,1
placeand,1
borobudur,1
2011,1
hallway,1
sippthe,1
bitchy,1
feed,1
pokok,1
promotions,1
masan,1
jawarah,1
background,1
dusty,1
arts,1
songwriter,1
sandal,1
fatty,1
madam,1
tarrot,1
shoptheres,1
di,1
performing,1
mendol,1
losing,1
eatingdrinking,1
dust,1
utensils,1
happiest,1
bitterest,1
hills,1
teras,1
pustaka,1
universitys,1
outdooor,1
upstair,1
seoul,1
scent,1
finger,1
sector,1
29,1
rp38000,1
rp8500,1
greeneries,1
ngl,1
carik,1
cenik,1
4pm,1
actual,1
korea,1
jjampong,1
queue,1
crumble,1
taiwan,1
tuwo,1
befits,1
kaya,1
claypot,1
feedback,1
chinesethemed,1
landmarks,1
photographs,1
cups,1
waiterss,1
brings,1
backgrounds,1
materialsthe,1
cafecombined,1
jahe,1
jagung,1
kecewa,1
dehtwo,1
variatif,1
realy,1
boxy,1
box,1
avocadoffe,1
facilitys,1
atmbca,1
indomart,1
coffer,1
beat,1
foodies,1
legenda,1
salat,1
abgreat,1
breads,1
remembered,1
ciabatta,1
succesfully,1
triple,1
wish,1
pancakewaffle,1
claimed,1
complaint,1
siram,1
3pm,1
proce,1
authenticity,1
sisha,1
mumbai,1
singapore,1
grub,1
poorly,1
maintained,1
mukenas,1
sajadas,1
terrible,1
designed,1
pas,1
ramah,1
parkiran,1
chocos,1
praline,1
dcs,1
sby,1
tobaccos,1
serai,1
aren,1
gurung,1
nomnoman,1
taek,1
moslem,1
javan,1
common,1
sdr,1
rp22000,1
santorini,1
condiments,1
unsufficient,1
pearls,1
townfriendly,1
cheaptwo,1
raw,1
element,1
homeworkassignments,1
sudut,1
avoid,1
caferestaurant,1
valueable,1
wonderful,1
elfaras,1
quietspot,1
shade,1
lelah,1
jajan,1
sweets,1
townbut,1
outdor,1
wanna,1
availability,1
holiday,1
freerange,1
magrib,1
bangladesh,1
essence,1
jasmine,1
mint,1
chilled,1
lapangan,1
wong2,1
aurane,1
lek,1
isuk2,1
cocok,1
koplo,1
gives,1
illiterate,1
speakers,1
ideally,1
chitchat,1
coffeetea,1
nutella,1
abis,1
kamboja,1
cheapppp,1
jajanan,1
pantura,1
raised,1
iwak,1
prass,1
mazing,1
510,1
2055,1
kampoeng,1
queen,1
vaporits,1
floorand,1
boygirlfriend,1
junctionjami,1
al,1
khoirot,1
pertaminas,1
throw,1
words,1
unwinding,1
row,1
steadythe,1
8pm,1
kintil,1
rank,1
properly,1
sukun,1
preparing,1
tasteless,1
koritem,1
worlds,1
desert,1
gold,1
wine,1
including,1
medicinal,1
tentrem,1
youtube,1
heressmpek,1
elementary,1
srategis,1
foodreasonable,1
perfunctory,1
prioritizes,1
migrate,1
foreign,1
freshguaranteed,1
dahhhh,1
madrid,1
generally,1
wifes,1
12000,1
hereditary,1
camping,1
recommnded,1
tent,1
coban,1
yassalam,1
tastethe,1
halalness,1
prancing,1
ndes,1
sep,1
reluctant,1
doctor,1
refreshingin,1
loan,1
dinning,1
kfc,1
maximize,1
cashiers,1
frontcashier,1
12k,1
lanang,1
myth,1
wkwk,1
creativity,1
jongkros,1
dans,1
kadaka,1
speechless,1
dakon,1
bon,1
yellow,1
poverty,1
lonely,1
anchovy,1
nasigor,1
toffle,1
mahapen,1
educational,1
dower,1
ndower,1
solve,1
certificate,1
30mbps,1
redy,1
remember,1
enters,1
cut,1
40,1
chocolateboba,1
rotbar,1
glory,1
method,1
21,1
wolferine,1
goodbye,1
brushed,1
anas,1
smkn,1
mboys,1
makyah,1
vent,1
bundder,1
politely,1
busier,1
scream,1
miekarta,1
greatthe,1
solves,1
seekers,1
click,1
sabar,1
letsguide,1
terra,1
30,1
suiiipcoffee,1
enk,1
provisions,1
kapok,1
sexy,1
tobe,1
markets,1
interfere,1
noon,1
10mbps,1
villages,1
kayoetangan,1
ygy,1
nyuuussss,1
verge,1
jooozzzz,1
soulful,1
ministry,1
religion,1
hajj,1
pilgrimages,1
businessand,1
depart,1
heartache,1
bandung,1
innovations,1
develop,1
fgm,1
brothers,1
fry,1
juoss,1
poooolsukses,1
banner,1
kerennn,1
temporarily,1
bandrek,1
maknyuuuus,1
yummyusss,1
slam,1
spoon,1
spoons,1
kako,1
apple,1
cider,1
bestie,1
kopitality,1
rejeki,1
dominantly,1
indinesian,1
entertain,1
acceptable,1
sunan,1
selfish,1
rumah,1
mistakenly,1
friendsplaying,1
regulars,1
retro,1
subhighway,1
dao,1
banyak,1
yg,1
org,1
spaghettinya,1
kurang,1
industrie,1
inn,1
eggplant,1
shoppe,1
shatta,1
broccoli,1
mcfc,1
wellknown,1
arsenal,1
fansclub,1
streamingnya,1
nive,1
fishes,1
teakwood,1
task,1
alfath,1
fath,1
section,1
understandable,1
sunsetcoffee,1
appealing,1
unsatisfied,1
van,1
slice,1
tmptnya,1
depend,1
transformed,1
nighttime,1
shredded,1
nightvery,1
dairy,1
loves,1
delay,1
anda,1
unbearable,1
gunung,1
arjuna,1
peers,1
centre,1
tp,1
midle,1
fee,1
roomworking,1
backrest,1
kachi,1
jus2an,1
wifian,1
delicouse,1
existing,1
palembang,1
yummilicious,1
oldies,1
sausages,1
youngster,1
similar,1
affordables,1
completely,1
variative,1
capitalizing,1
chocolatebased,1
10khr,1
makeshift,1
built,1
assignment,1
got,1
enka,1
hookah,1
kerenn,1
los,1
celebrating,1
siji,1
tradition,1
celebrated,1
sons,1
device,1
chatted,1
desk,1
dark,1
baker,1
holidays,1
lahh,1
friendlier,1
cards,1
kipa,1
widest,1
urinate,1
balava,1
fascinated,1
dreams,1
catching,1
wenakk,1
channa,1
warms,1
ornamentals,1
unbelievable,1
tulungagung,1
harvest,1
harvesting,1
coffeeyoull,1
getbetter,1
recommending,1
bank,1
greenery,1
berasa,1
promises,1
island,1
extraordinary,1
vacation,1
agency,1
vouchers,1
tour,1
domestic,1
nearest,1
sabang,1
punch,1
attract,1
mantullll,1
gado,1
concentration,1
ki,1
ageng,1
subdistrict,1
fj,1
beginning,1
hundreds,1
risol,1
pros,1
cons,1
preferred,1
dumplingsthe,1
herethe,1
dmpling,1
restauranthopefully,1
nuget,1
smootherso,1
selfie,1
thx,1
cod,1
kelazz,1
pinus,1
travelers,1
cooler,1
bolognese,1
messy,1
saltiness,1
aceehhh,1
coffeeaceh,1
acehnese,1
receipe,1
carry,1
politegreat,1
clubs,1
thursday,1
5foot,1
ngutang,1
girl,1
mustvisit,1
710,1
memory,1
jogo,1
sent,1
keeper,1
20006000,1
bald,1
aroncoffeeid,1
dried,1
caretaker,1
tong,1
tji,1
pose,1
lmyn,1
hmmmore,1
10am,1
luuuuuuuuuuuuuuuuuuu,1
walletfriendly,1
croffle,1
bo,1
bule,1
ducks,1
saves,1
training,1
dry,1
sports,1
receiving,1
powered,1
comments,1
cheese2,1
atoms,1
deleted,1
closes,1
dare,1
gets,1
smanawa,1
pot,1
collectible,1
facilitiesmany,1
ans,1
beggar,1
railroads,1
kuah,1
remembering,1
rajajowas,1
serabi,1
nica,1
root,1
otreb,1
pandanwangi,1
goody,1
route,1
arcade,1
waterfall,1
amusements,1
que,1
kilometers,1
lowcost,1
lowbudget,1
smokes,1
meetingup,1
fare,1
delicioussss,1
adapted,1
fillings,1
balls,1
abit,1
confirm,1
discussions,1
perform,1
voice,1
aremania,1
media,1
noticed,1
pict,1
bouncing,1
openness,1
friendlyness,1
sentani,1
economic,1
laundry,1
deficiencies,1
shared,1
trays,1
241222,1
indifferent,1
asking,1
answer,1
female,1
gim,1
turnover,1
deliver,1
carts,1
tarpaulins,1
smoked,1
brisket,1
managed,1
environmentally,1
upper,1
threestory,1
hell,1
pemula,1
majority,1
sink,1
giant,1
masmaams,1
swipetransfer,1
edc,1
rampal,1
awaystay,1
brow,1
oil,1
goyeeeeng,1
browqueenstar,1
vandelgiant,1
state,1
missbar,1
plater,1
greenview,1
wiffi,1
kereeeeenn,1
placefood,1
enyakkkkkk,1
gigs,1
pricesthe,1
nusadua,1
franchise,1
wapek,1
cuyyy,1
nerut,1
tuek,1
cangkruane,1
playaged,1
cofeefamily,1
krasa,1
phenomenal,1
previously,1
remains,1
courier,1
souls,1
snail,1
snails,1
bread24,1
kertosentono,1
gede,1
ketawang,1
enlightenment,1
roobi,1
interested,1
practice,1
feelings,1
kirs,1
experiences,1
coffeewhile,1
situation,1
kelinian,1
mistake,1
fired,1
pisaaanngg,1
packets,1
pahadal,1
ae,1
manufacture,1
kedaivanhallen,1
budayakankopilokal,1
kopimalang,1
robustadampit,1
kopiwakbrengos,1
wak,1
direct,1
kampus,1
juiced,1
onigiri,1
hakiki,1
koyahnya,1
heheu,1
alleys,1
lemak,1
indonesianmalay,1
ayamit,1
lunchdinner,1
happens,1
intoxicated,1
increase,1
cleaned,1
environtment,1
idk,1
recreation,1
unspoiled,1
valley,1
pools,1
milks,1
miraa,1
agile,1
5star,1
mixture,1
bright,1
cafeecozy,1
smelled,1
silaturrahmi,1
nampollll,1
courts,1
mnc,1
studied,1
hahhah,1
memorable,1
loe,1
perkilo,1
bareng,1
cangkruks,1
groceries,1
3d,1
1liter,1
kona,1
receive,1
crispiness,1
fritters,1
fritter,1
soklat,1
lanjar,1
frequent,1
samosa,1
hh,1
idols,1
wendit,1
wa,1
37rb,1
gopd,1
seconds,1
pro,1
tarik,1
bravowedang,1
age,1
crop,1
layer,1
covered,1
tummy,1
subscribes,1
untik,1
0200,1
worse,1
familyfriendsand,1
amnesia,1
vvip,1
herespent,1
entertaining,1
torabika,1
oye,1
podomoro,1
werkudara,1
juicesits,1
entrance,1
decorations,1
donut,1
souffl,1
taza,1
freezeefood,1
er,1
arrived,1
wkwkwk,1
mknanx,1
01,1
banks,1
bunchbead,1
gentlemen,1
worst,1
idea,1
tempatnya,1
pricenice,1
score,1
boost,1
pudjonkandangan,1
presentations,1
rotten,1
mwanis,1
paste,1
forests,1
connects,1
suspension,1
saxsophone,1
sarinahs,1
moviemax,1
appointments,1
escalator,1
bes,1
bronsugar,1
existence,1
makeover,1
hatch,1
adn,1
corrupted,1
gave,1
unsatisfactory,1
obvious,1
gate,1
sewu,1
sama,1
frame,1
uploaded,1
baby,1
lacks,1
15mins,1
references,1
greatpppppppp,1
uneasy,1
neighbour,1
crossroads,1
20mbps,1
malming,1
kadir,1
steep,1
4th,1
tangan,1
manggar,1
bok,1
paper,1
recognized,1
mmmmm,1
impressive,1
hose,1
cylinder,1
removed,1
showed,1
holes,1
diameter,1
newly,1
rizto,1
enaena,1
happiness,1
delights,1
simplevery,1
aaaaaaaaak,1
royam,1
nakam,1
leaving,1
dangerous,1
innovated,1
beeuudd,1
mantabss,1
plaza,1
connect,1
debit,1
video,1
permission,1
consumers,1
patches,1
placefor,1
pretentious,1
waits,1
rejected,1
breaking,1
shrimp,1
siiiprecommended,1
freezer,1
expected,1
writing,1
beanbags,1
contains,1
lower,1
12pm,1
disturbs,1
plays,1
tidak,1
overrated,1
tolerated,1
anyep,1
gosend,1
ote2,1
picture,1
rent,1
tilted,1
looked,1
blessing,1
grabgo,1
suffer,1
21500,1
mantabs,1
grumpy,1
nakedness,1
anu,1
yelled,1
male,1
filtered,1
watery,1
cus,1
scattered,1
unpleasant,1
unfriendly,1
faces,1
